route,group,seq,name,kind,lat,lon,coord_status
아라자전거길,국토종주,1,아라서해갑문,유인,37.5937,126.6285,approx
아라자전거길,국토종주,2,아라한강갑문,무인,37.5780,126.8040,approx
한강종주자전거길(서울구간),국토종주,1,여의도,무인,37.5283,126.9345,approx
한강종주자전거길(서울구간),국토종주,2,광나루,무인,37.5466,127.1200,approx
한강종주자전거길(서울구간),국토종주,3,팔당대교 남단,무인,37.5330,127.2840,approx
남한강자전거길,국토종주,1,능내역,무인,37.5370,127.3000,approx
남한강자전거길,국토종주,2,양평군립미술관,유인,37.4920,127.4950,approx
남한강자전거길,국토종주,3,이포보,무인,37.4330,127.5830,approx
남한강자전거길,국토종주,4,여주보,무인,37.3010,127.6400,approx
남한강자전거길,국토종주,5,강천보,무인,37.2700,127.7300,approx
남한강자전거길,국토종주,6,충주 탄금대,유인,36.9967,127.8890,approx
새재자전거길,국토종주,1,수안보온천,무인,36.8480,128.0280,approx
새재자전거길,국토종주,2,이화령휴게소,유인,36.7860,128.0600,approx
낙동강자전거길,국토종주,1,안동댐,무인,36.5850,128.7800,approx
낙동강자전거길,국토종주,2,상풍교,유인,36.4350,128.2600,approx
낙동강자전거길,국토종주,3,낙단보,무인,36.3200,128.3050,approx
낙동강자전거길,국토종주,4,구미보,무인,36.2800,128.3600,approx
낙동강자전거길,국토종주,5,칠곡보,무인,36.0950,128.4000,approx
낙동강자전거길,국토종주,6,강정고령보,무인,35.8320,128.4630,approx
낙동강자전거길,국토종주,7,달성보,무인,35.6950,128.4400,approx
낙동강자전거길,국토종주,8,합천창녕보,무인,35.5700,128.3500,approx
낙동강자전거길,국토종주,9,창녕함안보,무인,35.4300,128.5000,approx
낙동강자전거길,국토종주,10,양산 물문화관,유인,35.3250,129.0100,approx
낙동강자전거길,국토종주,11,낙동강하굿둑,유인,35.1050,128.9630,approx
금강자전거길,4대강,1,대청댐,무인,36.4780,127.4810,approx
금강자전거길,4대강,2,세종보,무인,36.5000,127.2800,approx
금강자전거길,4대강,3,공주보,무인,36.4670,127.0960,approx
금강자전거길,4대강,4,백제보,무인,36.3130,126.9140,approx
금강자전거길,4대강,5,성당포구,무인,36.0620,126.8350,approx
금강자전거길,4대강,6,금강하굿둑,유인,35.9930,126.7500,approx
영산강자전거길,4대강,1,담양댐,무인,35.3300,127.0100,approx
영산강자전거길,4대강,2,승촌보,무인,35.0450,126.8450,approx
영산강자전거길,4대강,3,죽산보,무인,34.9060,126.7140,approx
영산강자전거길,4대강,4,영산강하굿둑,유인,34.7900,126.4500,approx
북한강(경춘선)자전거길,북한강,1,북한강철교,무인,37.6070,127.3160,approx
북한강(경춘선)자전거길,북한강,2,대성리역,무인,37.6830,127.4010,approx
북한강(경춘선)자전거길,북한강,3,청평,무인,37.7370,127.4260,approx
북한강(경춘선)자전거길,북한강,4,가평,무인,37.8310,127.5100,approx
북한강(경춘선)자전거길,북한강,5,강촌,무인,37.8040,127.6350,approx
북한강(경춘선)자전거길,북한강,6,춘천 의암댐,무인,37.8870,127.6830,approx
섬진강자전거길,섬진강,1,순창,무인,35.3750,127.1400,approx
섬진강자전거길,섬진강,2,곡성,무인,35.2800,127.2950,approx
섬진강자전거길,섬진강,3,구례,무인,35.2020,127.4630,approx
섬진강자전거길,섬진강,4,하동,무인,35.0670,127.7510,approx
섬진강자전거길,섬진강,5,광양 배알도,무인,34.9400,127.7400,approx
동해안자전거길(강원),동해안,1,통일전망대,유인,38.6000,128.3600,approx
동해안자전거길(강원),동해안,2,양양 낙산,무인,38.1200,128.6300,approx
동해안자전거길(강원),동해안,3,강릉 사천진항,무인,37.8450,128.9000,approx
동해안자전거길(강원),동해안,4,강릉 정동진,무인,37.6900,129.0340,approx
동해안자전거길(강원),동해안,5,동해 추암,무인,37.4800,129.1600,approx
동해안자전거길(경북),동해안,6,울진 후포,무인,36.6800,129.4500,approx
동해안자전거길(경북),동해안,7,영덕 강구,무인,36.3600,129.3900,approx
동해안자전거길(경북),동해안,8,포항 영일대,무인,36.0630,129.3800,approx
동해안자전거길(경북),동해안,9,경주 감포,무인,35.8000,129.5000,approx
제주환상자전거길,제주환상,1,용두암,유인,33.5160,126.5110,approx
제주환상자전거길,제주환상,2,함덕해수욕장,무인,33.5430,126.6700,approx
제주환상자전거길,제주환상,3,김녕,무인,33.5570,126.7590,approx
제주환상자전거길,제주환상,4,세화,무인,33.5250,126.8610,approx
제주환상자전거길,제주환상,5,성산일출봉,무인,33.4580,126.9420,approx
제주환상자전거길,제주환상,6,표선,무인,33.3260,126.8340,approx
제주환상자전거길,제주환상,7,쇠소깍,무인,33.2570,126.6230,approx
제주환상자전거길,제주환상,8,중문,무인,33.2450,126.4120,approx
제주환상자전거길,제주환상,9,모슬포,무인,33.2150,126.2500,approx
제주환상자전거길,제주환상,10,용수절부암,무인,33.3000,126.1600,approx
제주환상자전거길,제주환상,11,한림,무인,33.3950,126.2400,approx
제주환상자전거길,제주환상,12,곽지해수욕장,무인,33.4500,126.3050,approx
